X [ m ], Y [ m ], Z [ m ], Velocity [ m s^-1 ]
-9.79999974e-02, 0.00000000e+00, 0.00000000e+00, 0.00000000e+00
-9.79999974e-02, 1.99999995e-05, 0.00000000e+00, 3.77472810e-04
-9.79999974e-02, 3.99999990e-05, 0.00000000e+00, 7.54945620e-04
-9.79999974e-02, 5.99999985e-05, 0.00000000e+00, 1.13241852e-03
-9.79999974e-02, 7.99999980e-05, 0.00000000e+00, 1.50989124e-03
-9.79999974e-02, 9.99999975e-05, 0.00000000e+00, 1.88736420e-03
-9.79999974e-02, 1.19999997e-04, 0.00000000e+00, 2.26483704e-03
-9.79999974e-02, 1.40000004e-04, 0.00000000e+00, 2.64230999e-03
-9.79999974e-02, 1.59999996e-04, 0.00000000e+00, 3.01978248e-03
-9.79999974e-02, 1.80000003e-04, 0.00000000e+00, 3.39725544e-03
-9.79999974e-02, 1.99999995e-04, 0.00000000e+00, 3.77472839e-03
-9.79999974e-02, 2.20000002e-04, 0.00000000e+00, 4.15220158e-03
-9.79999974e-02, 2.39999994e-04, 0.00000000e+00, 4.52967407e-03
-9.79999974e-02, 2.60000001e-04, 0.00000000e+00, 4.90714656e-03
-9.79999974e-02, 2.80000007e-04, 0.00000000e+00, 5.28461998e-03
-9.79999974e-02, 3.00000014e-04, 0.00000000e+00, 5.66209247e-03
-9.79999974e-02, 3.19999992e-04, 0.00000000e+00, 6.03956496e-03
-9.79999974e-02, 3.39999999e-04, 0.00000000e+00, 6.41703838e-03
-9.79999974e-02, 3.60000005e-04, 0.00000000e+00, 6.79451087e-03
-9.79999974e-02, 3.80000012e-04, 0.00000000e+00, 7.17198383e-03
-9.79999974e-02, 3.99999990e-04, 0.00000000e+00, 7.54945679e-03
-9.79999974e-02, 4.19999997e-04, 0.00000000e+00, 7.92692881e-03
-9.79999974e-02, 4.40000003e-04, 0.00000000e+00, 8.30440316e-03
-9.79999974e-02, 4.60000010e-04, 0.00000000e+00, 8.68187565e-03
-9.79999974e-02, 4.79999988e-04, 0.00000000e+00, 9.05934814e-03
-9.79999974e-02, 5.00000024e-04, 0.00000000e+00, 9.43682063e-03
-9.79999974e-02, 5.20000001e-04, 0.00000000e+00, 9.81429312e-03
-9.79999974e-02, 5.39999979e-04, 0.00000000e+00, 1.01917665e-02
-9.79999974e-02, 5.60000015e-04, 0.00000000e+00, 1.05692400e-02
-9.79999974e-02, 5.79999993e-04, 0.00000000e+00, 1.09467115e-02
-9.79999974e-02, 6.00000028e-04, 0.00000000e+00, 1.13386540e-02
-9.79999974e-02, 6.20000006e-04, 0.00000000e+00, 1.17016574e-02
-9.79999974e-02, 6.39999984e-04, 0.00000000e+00, 1.20791337e-02
-9.79999974e-02, 6.60000020e-04, 0.00000000e+00, 1.24566052e-02
-9.79999974e-02, 6.79999997e-04, 0.00000000e+00, 1.28340768e-02
-9.79999974e-02, 6.99999975e-04, 0.00000000e+00, 1.32115465e-02
-9.79999974e-02, 7.20000011e-04, 0.00000000e+00, 1.35890208e-02
-9.79999974e-02, 7.39999989e-04, 0.00000000e+00, 1.39664924e-02
-9.79999974e-02, 7.60000024e-04, 0.00000000e+00, 1.43439658e-02
-9.79999974e-02, 7.80000002e-04, 0.00000000e+00, 1.47214374e-02
-9.79999974e-02, 7.99999980e-04, 0.00000000e+00, 1.50989098e-02
-9.79999974e-02, 8.20000016e-04, 0.00000000e+00, 1.54763833e-02
-9.79999974e-02, 8.39999993e-04, 0.00000000e+00, 1.58538539e-02
-9.79999974e-02, 8.59999971e-04, 0.00000000e+00, 1.62313245e-02
-9.79999974e-02, 8.80000007e-04, 0.00000000e+00, 1.66087970e-02
-9.79999974e-02, 8.99999985e-04, 0.00000000e+00, 1.69862695e-02
-9.79999974e-02, 9.20000020e-04, 0.00000000e+00, 1.73637439e-02
-9.79999974e-02, 9.39999998e-04, 0.00000000e+00, 1.76237803e-02
-9.79999974e-02, 9.59999976e-04, 0.00000000e+00, 1.76243763e-02
-9.79999974e-02, 9.80000012e-04, 0.00000000e+00, 1.76249780e-02
-9.79999974e-02, 1.00000005e-03, 0.00000000e+00, 1.76255815e-02
-9.79999974e-02, 1.01999997e-03, 0.00000000e+00, 1.76261794e-02
-9.79999974e-02, 1.04000000e-03, 0.00000000e+00, 1.76267810e-02
-9.79999974e-02, 1.06000004e-03, 0.00000000e+00, 1.76273845e-02
-9.79999974e-02, 1.07999996e-03, 0.00000000e+00, 1.76279880e-02
-9.79999974e-02, 1.09999999e-03, 0.00000000e+00, 1.76285915e-02
-9.79999974e-02, 1.12000003e-03, 0.00000000e+00, 1.76291913e-02
-9.79999974e-02, 1.13999995e-03, 0.00000000e+00, 1.76297966e-02
-9.79999974e-02, 1.15999999e-03, 0.00000000e+00, 1.76303983e-02
-9.79999974e-02, 1.18000002e-03, 0.00000000e+00, 1.76310036e-02
-9.79999974e-02, 1.20000006e-03, 0.00000000e+00, 1.76316053e-02
-9.79999974e-02, 1.21999998e-03, 0.00000000e+00, 1.76322106e-02
-9.79999974e-02, 1.24000001e-03, 0.00000000e+00, 1.76328104e-02
-9.79999974e-02, 1.26000005e-03, 0.00000000e+00, 1.76334158e-02
-9.79999974e-02, 1.27999997e-03, 0.00000000e+00, 1.76340211e-02
-9.79999974e-02, 1.30000000e-03, 0.00000000e+00, 1.76346246e-02
-9.79999974e-02, 1.32000004e-03, 0.00000000e+00, 1.76352281e-02
-9.79999974e-02, 1.33999996e-03, 0.00000000e+00, 1.76358335e-02
-9.79999974e-02, 1.35999999e-03, 0.00000000e+00, 1.76364388e-02
-9.79999974e-02, 1.38000003e-03, 0.00000000e+00, 1.76370405e-02
-9.79999974e-02, 1.39999995e-03, 0.00000000e+00, 1.76376477e-02
-9.79999974e-02, 1.41999999e-03, 0.00000000e+00, 1.76382512e-02
-9.79999974e-02, 1.44000002e-03, 0.00000000e+00, 1.76388584e-02
-9.79999974e-02, 1.46000006e-03, 0.00000000e+00, 1.76394638e-02
-9.79999974e-02, 1.47999998e-03, 0.00000000e+00, 1.76400710e-02
-9.79999974e-02, 1.50000001e-03, 0.00000000e+00, 1.76406763e-02
-9.79999974e-02, 1.52000005e-03, 0.00000000e+00, 1.76412836e-02
-9.79999974e-02, 1.53999997e-03, 0.00000000e+00, 1.76418889e-02
-9.79999974e-02, 1.56000000e-03, 0.00000000e+00, 1.76424962e-02
-9.79999974e-02, 1.58000004e-03, 0.00000000e+00, 1.76431034e-02
-9.79999974e-02, 1.59999996e-03, 0.00000000e+00, 1.76437106e-02
-9.79999974e-02, 1.62000000e-03, 0.00000000e+00, 1.76443160e-02
-9.79999974e-02, 1.64000003e-03, 0.00000000e+00, 1.76449250e-02
-9.79999974e-02, 1.65999995e-03, 0.00000000e+00, 1.76455341e-02
-9.79999974e-02, 1.67999999e-03, 0.00000000e+00, 1.76461358e-02
-9.79999974e-02, 1.70000002e-03, 0.00000000e+00, 1.76466461e-02
-9.79999974e-02, 1.71999994e-03, 0.00000000e+00, 1.76471528e-02
-9.79999974e-02, 1.73999998e-03, 0.00000000e+00, 1.76476631e-02
-9.79999974e-02, 1.76000001e-03, 0.00000000e+00, 1.76481716e-02
-9.79999974e-02, 1.78000005e-03, 0.00000000e+00, 1.76486820e-02
-9.79999974e-02, 1.79999997e-03, 0.00000000e+00, 1.76491942e-02
-9.79999974e-02, 1.82000000e-03, 0.00000000e+00, 1.76497065e-02
-9.79999974e-02, 1.84000004e-03, 0.00000000e+00, 1.76502150e-02
-9.79999974e-02, 1.85999996e-03, 0.00000000e+00, 1.76507272e-02
-9.79999974e-02, 1.88000000e-03, 0.00000000e+00, 1.76512375e-02
-9.79999974e-02, 1.90000003e-03, 0.00000000e+00, 1.76510029e-02
-9.79999974e-02, 1.91999995e-03, 0.00000000e+00, 1.76506862e-02
-9.79999974e-02, 1.93999999e-03, 0.00000000e+00, 1.76503696e-02
-9.79999974e-02, 1.96000002e-03, 0.00000000e+00, 1.76500604e-02
-9.79999974e-02, 1.97999994e-03, 0.00000000e+00, 1.76497456e-02
-9.79999974e-02, 2.00000009e-03, 0.00000000e+00, 1.76494289e-02
-9.79999974e-02, 2.02000001e-03, 0.00000000e+00, 1.76491141e-02
-9.79999974e-02, 2.03999993e-03, 0.00000000e+00, 1.76488031e-02
-9.79999974e-02, 2.06000009e-03, 0.00000000e+00, 1.76484883e-02
-9.79999974e-02, 2.08000001e-03, 0.00000000e+00, 1.76481772e-02
-9.79999974e-02, 2.09999993e-03, 0.00000000e+00, 1.76478606e-02
-9.79999974e-02, 2.12000008e-03, 0.00000000e+00, 1.76475514e-02
-9.79999974e-02, 2.14000000e-03, 0.00000000e+00, 1.76472384e-02
-9.79999974e-02, 2.15999992e-03, 0.00000000e+00, 1.76468305e-02
-9.79999974e-02, 2.18000007e-03, 0.00000000e+00, 1.76461339e-02
-9.79999974e-02, 2.19999999e-03, 0.00000000e+00, 1.76454373e-02
-9.79999974e-02, 2.21999991e-03, 0.00000000e+00, 1.76447388e-02
-9.79999974e-02, 2.24000006e-03, 0.00000000e+00, 1.76440421e-02
-9.79999974e-02, 2.25999998e-03, 0.00000000e+00, 1.76433492e-02
-9.79999974e-02, 2.27999990e-03, 0.00000000e+00, 1.76426545e-02
-9.79999974e-02, 2.30000005e-03, 0.00000000e+00, 1.76419616e-02
-9.79999974e-02, 2.31999997e-03, 0.00000000e+00, 1.76412687e-02
-9.79999974e-02, 2.33999989e-03, 0.00000000e+00, 1.76405702e-02
-9.79999974e-02, 2.36000004e-03, 0.00000000e+00, 1.76398754e-02
-9.79999974e-02, 2.37999996e-03, 0.00000000e+00, 1.76391825e-02
-9.79999974e-02, 2.40000011e-03, 0.00000000e+00, 1.76384896e-02
-9.79999974e-02, 2.42000003e-03, 0.00000000e+00, 1.76377986e-02
-9.79999974e-02, 2.43999995e-03, 0.00000000e+00, 1.76371057e-02
-9.79999974e-02, 2.46000011e-03, 0.00000000e+00, 1.76364128e-02
-9.79999974e-02, 2.48000002e-03, 0.00000000e+00, 1.76357180e-02
-9.79999974e-02, 2.49999994e-03, 0.00000000e+00, 1.76350288e-02
-9.79999974e-02, 2.52000010e-03, 0.00000000e+00, 1.76343378e-02
-9.79999974e-02, 2.54000002e-03, 0.00000000e+00, 1.76336467e-02
-9.79999974e-02, 2.55999994e-03, 0.00000000e+00, 1.76329538e-02
-9.79999974e-02, 2.58000009e-03, 0.00000000e+00, 1.76322646e-02
-9.79999974e-02, 2.60000001e-03, 0.00000000e+00, 1.76315755e-02
-9.79999974e-02, 2.61999993e-03, 0.00000000e+00, 1.76308863e-02
-9.79999974e-02, 2.64000008e-03, 0.00000000e+00, 1.76301971e-02
-9.79999974e-02, 2.66000000e-03, 0.00000000e+00, 1.76295079e-02
-9.79999974e-02, 2.67999992e-03, 0.00000000e+00, 1.76288206e-02
-9.79999974e-02, 2.70000007e-03, 0.00000000e+00, 1.76281314e-02
-9.79999974e-02, 2.71999999e-03, 0.00000000e+00, 1.76274404e-02
-9.79999974e-02, 2.73999991e-03, 0.00000000e+00, 1.76267549e-02
-9.79999974e-02, 2.76000006e-03, 0.00000000e+00, 1.76260676e-02
-9.79999974e-02, 2.77999998e-03, 0.00000000e+00, 1.76253803e-02
-9.79999974e-02, 2.79999990e-03, 0.00000000e+00, 1.76246930e-02
-9.79999974e-02, 2.82000005e-03, 0.00000000e+00, 1.76240057e-02
-9.79999974e-02, 2.83999997e-03, 0.00000000e+00, 1.76233202e-02
-9.79999974e-02, 2.85999989e-03, 0.00000000e+00, 1.76227000e-02
-9.79999974e-02, 2.88000004e-03, 0.00000000e+00, 1.76220965e-02
-9.79999974e-02, 2.89999996e-03, 0.00000000e+00, 1.76214948e-02
-9.79999974e-02, 2.92000012e-03, 0.00000000e+00, 1.76208932e-02
-9.79999974e-02, 2.94000003e-03, 0.00000000e+00, 1.76202897e-02
-9.79999974e-02, 2.95999995e-03, 0.00000000e+00, 1.76196843e-02
-9.79999974e-02, 2.98000011e-03, 0.00000000e+00, 1.76190846e-02
-9.79999974e-02, 3.00000003e-03, 0.00000000e+00, 1.76184848e-02
-9.79999974e-02, 3.01999995e-03, 0.00000000e+00, 1.76178813e-02
-9.79999974e-02, 3.04000010e-03, 0.00000000e+00, 1.76172797e-02
-9.79999974e-02, 3.06000002e-03, 0.00000000e+00, 1.76166818e-02
-9.79999974e-02, 3.07999994e-03, 0.00000000e+00, 1.76160820e-02
-9.79999974e-02, 3.10000009e-03, 0.00000000e+00, 1.76154803e-02
-9.79999974e-02, 3.12000001e-03, 0.00000000e+00, 1.76148824e-02
-9.79999974e-02, 3.13999993e-03, 0.00000000e+00, 1.76142827e-02
-9.79999974e-02, 3.16000008e-03, 0.00000000e+00, 1.76135786e-02
-9.79999974e-02, 3.18000000e-03, 0.00000000e+00, 1.76119599e-02
-9.79999974e-02, 3.19999992e-03, 0.00000000e+00, 1.76103450e-02
-9.79999974e-02, 3.22000007e-03, 0.00000000e+00, 1.76087301e-02
-9.79999974e-02, 3.23999999e-03, 0.00000000e+00, 1.76071171e-02
-9.79999974e-02, 3.25999991e-03, 0.00000000e+00, 1.76055040e-02
-9.79999974e-02, 3.28000006e-03, 0.00000000e+00, 1.76038910e-02
-9.79999974e-02, 3.29999998e-03, 0.00000000e+00, 1.76022761e-02
-9.79999974e-02, 3.31999990e-03, 0.00000000e+00, 1.76006667e-02
-9.79999974e-02, 3.34000005e-03, 0.00000000e+00, 1.75990555e-02
-9.79999974e-02, 3.35999997e-03, 0.00000000e+00, 1.75974462e-02
-9.79999974e-02, 3.37999989e-03, 0.00000000e+00, 1.75958313e-02
-9.79999974e-02, 3.40000005e-03, 0.00000000e+00, 1.75942257e-02
-9.79999974e-02, 3.41999996e-03, 0.00000000e+00, 1.75926108e-02
-9.79999974e-02, 3.43999988e-03, 0.00000000e+00, 1.75910033e-02
-9.79999974e-02, 3.46000004e-03, 0.00000000e+00, 1.75893921e-02
-9.79999974e-02, 3.47999996e-03, 0.00000000e+00, 1.75878666e-02
-9.79999974e-02, 3.50000011e-03, 0.00000000e+00, 1.75863728e-02
-9.79999974e-02, 3.52000003e-03, 0.00000000e+00, 1.75848790e-02
-9.79999974e-02, 3.53999995e-03, 0.00000000e+00, 1.75833832e-02
-9.79999974e-02, 3.56000010e-03, 0.00000000e+00, 1.75818931e-02
-9.79999974e-02, 3.58000002e-03, 0.00000000e+00, 1.75804012e-02
-9.79999974e-02, 3.59999994e-03, 0.00000000e+00, 1.75789110e-02
-9.79999974e-02, 3.62000009e-03, 0.00000000e+00, 1.75774191e-02
-9.79999974e-02, 3.64000001e-03, 0.00000000e+00, 1.75759234e-02
-9.79999974e-02, 3.65999993e-03, 0.00000000e+00, 1.75744351e-02
-9.79999974e-02, 3.68000008e-03, 0.00000000e+00, 1.75729431e-02
-9.79999974e-02, 3.70000000e-03, 0.00000000e+00, 1.75714511e-02
-9.79999974e-02, 3.71999992e-03, 0.00000000e+00, 1.75699629e-02
-9.79999974e-02, 3.74000007e-03, 0.00000000e+00, 1.75684709e-02
-9.79999974e-02, 3.75999999e-03, 0.00000000e+00, 1.75669864e-02
-9.79999974e-02, 3.77999991e-03, 0.00000000e+00, 1.75654944e-02
-9.79999974e-02, 3.80000006e-03, 0.00000000e+00, 1.75640061e-02
-9.79999974e-02, 3.81999998e-03, 0.00000000e+00, 1.75625142e-02
-9.79999974e-02, 3.83999990e-03, 0.00000000e+00, 1.75610259e-02
-9.79999974e-02, 3.86000006e-03, 0.00000000e+00, 1.75595358e-02
-9.79999974e-02, 3.87999997e-03, 0.00000000e+00, 1.75580475e-02
-9.79999974e-02, 3.89999989e-03, 0.00000000e+00, 1.75565612e-02
-9.79999974e-02, 3.92000005e-03, 0.00000000e+00, 1.75550710e-02
-9.79999974e-02, 3.94000020e-03, 0.00000000e+00, 1.75535847e-02
-9.79999974e-02, 3.95999989e-03, 0.00000000e+00, 1.75517779e-02
-9.79999974e-02, 3.98000004e-03, 0.00000000e+00, 1.75494347e-02
-9.79999974e-02, 4.00000019e-03, 0.00000000e+00, 1.75470933e-02
-9.79999974e-02, 4.01999988e-03, 0.00000000e+00, 1.75447576e-02
-9.79999974e-02, 4.04000003e-03, 0.00000000e+00, 1.75424181e-02
-9.79999974e-02, 4.06000018e-03, 0.00000000e+00, 1.75400805e-02
-9.79999974e-02, 4.07999987e-03, 0.00000000e+00, 1.75377484e-02
-9.79999974e-02, 4.10000002e-03, 0.00000000e+00, 1.75354108e-02
-9.79999974e-02, 4.12000017e-03, 0.00000000e+00, 1.75330751e-02
-9.79999974e-02, 4.13999986e-03, 0.00000000e+00, 1.75307393e-02
-9.79999974e-02, 4.16000001e-03, 0.00000000e+00, 1.75284389e-02
-9.79999974e-02, 4.18000016e-03, 0.00000000e+00, 1.75262745e-02
-9.79999974e-02, 4.19999985e-03, 0.00000000e+00, 1.75241102e-02
-9.79999974e-02, 4.22000000e-03, 0.00000000e+00, 1.75219495e-02
-9.79999974e-02, 4.24000015e-03, 0.00000000e+00, 1.75197832e-02
-9.79999974e-02, 4.25999984e-03, 0.00000000e+00, 1.75176393e-02
-9.79999974e-02, 4.27999999e-03, 0.00000000e+00, 1.75154544e-02
-9.79999974e-02, 4.30000015e-03, 0.00000000e+00, 1.75132900e-02
-9.79999974e-02, 4.31999983e-03, 0.00000000e+00, 1.75111312e-02
-9.79999974e-02, 4.33999998e-03, 0.00000000e+00, 1.75089650e-02
-9.79999974e-02, 4.36000014e-03, 0.00000000e+00, 1.75068043e-02
-9.79999974e-02, 4.37999982e-03, 0.00000000e+00, 1.75046418e-02
-9.79999974e-02, 4.39999998e-03, 0.00000000e+00, 1.75024830e-02
-9.79999974e-02, 4.42000013e-03, 0.00000000e+00, 1.75003204e-02
-9.79999974e-02, 4.43999982e-03, 0.00000000e+00, 1.74981635e-02
-9.79999974e-02, 4.45999997e-03, 0.00000000e+00, 1.74960010e-02
-9.79999974e-02, 4.48000012e-03, 0.00000000e+00, 1.74938403e-02
-9.79999974e-02, 4.49999981e-03, 0.00000000e+00, 1.74916815e-02
-9.79999974e-02, 4.51999996e-03, 0.00000000e+00, 1.74893662e-02
-9.79999974e-02, 4.54000011e-03, 0.00000000e+00, 1.74870044e-02
-9.79999974e-02, 4.55999980e-03, 0.00000000e+00, 1.74846426e-02
-9.79999974e-02, 4.57999995e-03, 0.00000000e+00, 1.74822789e-02
-9.79999974e-02, 4.60000010e-03, 0.00000000e+00, 1.74799170e-02
-9.79999974e-02, 4.61999979e-03, 0.00000000e+00, 1.74775589e-02
-9.79999974e-02, 4.63999994e-03, 0.00000000e+00, 1.74751952e-02
-9.79999974e-02, 4.66000009e-03, 0.00000000e+00, 1.74728371e-02
-9.79999974e-02, 4.67999978e-03, 0.00000000e+00, 1.74704790e-02
-9.79999974e-02, 4.69999993e-03, 0.00000000e+00, 1.74681190e-02
-9.79999974e-02, 4.72000008e-03, 0.00000000e+00, 1.74657609e-02
-9.79999974e-02, 4.73999977e-03, 0.00000000e+00, 1.74634028e-02
-9.79999974e-02, 4.75999992e-03, 0.00000000e+00, 1.74610410e-02
-9.79999974e-02, 4.78000008e-03, 0.00000000e+00, 1.74586847e-02
-9.79999974e-02, 4.80000023e-03, 0.00000000e+00, 1.74563285e-02
-9.79999974e-02, 4.81999991e-03, 0.00000000e+00, 1.74539704e-02
-9.79999974e-02, 4.84000007e-03, 0.00000000e+00, 1.74516141e-02
-9.79999974e-02, 4.86000022e-03, 0.00000000e+00, 1.74492579e-02
-9.79999974e-02, 4.87999991e-03, 0.00000000e+00, 1.74468998e-02
-9.79999974e-02, 4.90000006e-03, 0.00000000e+00, 1.74445454e-02
-9.79999974e-02, 4.92000021e-03, 0.00000000e+00, 1.74421892e-02
-9.79999974e-02, 4.93999990e-03, 0.00000000e+00, 1.74398329e-02
-9.79999974e-02, 4.96000005e-03, 0.00000000e+00, 1.74374804e-02
-9.79999974e-02, 4.98000020e-03, 0.00000000e+00, 1.74351241e-02
-9.79999974e-02, 4.99999989e-03, 0.00000000e+00, 1.74327306e-02
-9.79999974e-02, 5.02000004e-03, 0.00000000e+00, 1.74303129e-02
-9.79999974e-02, 5.04000019e-03, 0.00000000e+00, 1.74278952e-02
-9.79999974e-02, 5.05999988e-03, 0.00000000e+00, 1.74254812e-02
-9.79999974e-02, 5.08000003e-03, 0.00000000e+00, 1.74230617e-02
-9.79999974e-02, 5.10000018e-03, 0.00000000e+00, 1.74206477e-02
-9.79999974e-02, 5.11999987e-03, 0.00000000e+00, 1.74182318e-02
-9.79999974e-02, 5.14000002e-03, 0.00000000e+00, 1.74158197e-02
-9.79999974e-02, 5.16000018e-03, 0.00000000e+00, 1.74134020e-02
-9.79999974e-02, 5.17999986e-03, 0.00000000e+00, 1.74109861e-02
-9.79999974e-02, 5.20000001e-03, 0.00000000e+00, 1.74085721e-02
-9.79999974e-02, 5.22000017e-03, 0.00000000e+00, 1.74061581e-02
-9.79999974e-02, 5.23999985e-03, 0.00000000e+00, 1.74035933e-02
-9.79999974e-02, 5.26000001e-03, 0.00000000e+00, 1.74006857e-02
-9.79999974e-02, 5.28000016e-03, 0.00000000e+00, 1.73977837e-02
-9.79999974e-02, 5.29999984e-03, 0.00000000e+00, 1.73948798e-02
-9.79999974e-02, 5.32000000e-03, 0.00000000e+00, 1.73919741e-02
-9.79999974e-02, 5.34000015e-03, 0.00000000e+00, 1.73890721e-02
-9.79999974e-02, 5.35999984e-03, 0.00000000e+00, 1.73861701e-02
-9.79999974e-02, 5.37999999e-03, 0.00000000e+00, 1.73832662e-02
-9.79999974e-02, 5.40000014e-03, 0.00000000e+00, 1.73803661e-02
-9.79999974e-02, 5.41999983e-03, 0.00000000e+00, 1.73774641e-02
-9.79999974e-02, 5.43999998e-03, 0.00000000e+00, 1.73745602e-02
-9.79999974e-02, 5.46000013e-03, 0.00000000e+00, 1.73716620e-02
-9.79999974e-02, 5.47999982e-03, 0.00000000e+00, 1.73687618e-02
-9.79999974e-02, 5.49999997e-03, 0.00000000e+00, 1.73658617e-02
-9.79999974e-02, 5.52000012e-03, 0.00000000e+00, 1.73629615e-02
-9.79999974e-02, 5.53999981e-03, 0.00000000e+00, 1.73600633e-02
-9.79999974e-02, 5.55999996e-03, 0.00000000e+00, 1.73571631e-02
-9.79999974e-02, 5.58000011e-03, 0.00000000e+00, 1.73542667e-02
-9.79999974e-02, 5.59999980e-03, 0.00000000e+00, 1.73513666e-02
-9.79999974e-02, 5.61999995e-03, 0.00000000e+00, 1.73484702e-02
-9.79999974e-02, 5.64000010e-03, 0.00000000e+00, 1.73455682e-02
-9.79999974e-02, 5.65999979e-03, 0.00000000e+00, 1.73426736e-02
-9.79999974e-02, 5.67999994e-03, 0.00000000e+00, 1.73397753e-02
-9.79999974e-02, 5.70000010e-03, 0.00000000e+00, 1.73368789e-02
-9.79999974e-02, 5.71999978e-03, 0.00000000e+00, 1.73339844e-02
-9.79999974e-02, 5.73999994e-03, 0.00000000e+00, 1.73310935e-02
-9.79999974e-02, 5.76000009e-03, 0.00000000e+00, 1.73281971e-02
-9.79999974e-02, 5.77999977e-03, 0.00000000e+00, 1.73253026e-02
-9.79999974e-02, 5.79999993e-03, 0.00000000e+00, 1.73214227e-02
-9.79999974e-02, 5.82000008e-03, 0.00000000e+00, 1.73175149e-02
-9.79999974e-02, 5.84000023e-03, 0.00000000e+00, 1.73136070e-02
-9.79999974e-02, 5.85999992e-03, 0.00000000e+00, 1.73096973e-02
-9.79999974e-02, 5.88000007e-03, 0.00000000e+00, 1.73057877e-02
-9.79999974e-02, 5.90000022e-03, 0.00000000e+00, 1.73018780e-02
-9.79999974e-02, 5.91999991e-03, 0.00000000e+00, 1.72979720e-02
-9.79999974e-02, 5.94000006e-03, 0.00000000e+00, 1.72940623e-02
-9.79999974e-02, 5.96000021e-03, 0.00000000e+00, 1.72901563e-02
-9.79999974e-02, 5.97999990e-03, 0.00000000e+00, 1.72862485e-02
-9.79999974e-02, 6.00000005e-03, 0.00000000e+00, 1.72823444e-02
-9.79999974e-02, 6.02000020e-03, 0.00000000e+00, 1.72784384e-02
-9.79999974e-02, 6.03999989e-03, 0.00000000e+00, 1.72745287e-02
-9.79999974e-02, 6.06000004e-03, 0.00000000e+00, 1.72706265e-02
-9.79999974e-02, 6.08000020e-03, 0.00000000e+00, 1.72667205e-02
-9.79999974e-02, 6.09999988e-03, 0.00000000e+00, 1.72628164e-02
-9.79999974e-02, 6.12000003e-03, 0.00000000e+00, 1.72593482e-02
-9.79999974e-02, 6.14000019e-03, 0.00000000e+00, 1.72559153e-02
-9.79999974e-02, 6.15999987e-03, 0.00000000e+00, 1.72524825e-02
-9.79999974e-02, 6.18000003e-03, 0.00000000e+00, 1.72490496e-02
-9.79999974e-02, 6.20000018e-03, 0.00000000e+00, 1.72456224e-02
-9.79999974e-02, 6.21999986e-03, 0.00000000e+00, 1.72421895e-02
-9.79999974e-02, 6.24000002e-03, 0.00000000e+00, 1.72387604e-02
-9.79999974e-02, 6.26000017e-03, 0.00000000e+00, 1.72353294e-02
-9.79999974e-02, 6.27999986e-03, 0.00000000e+00, 1.72319021e-02
-9.79999974e-02, 6.30000001e-03, 0.00000000e+00, 1.72284711e-02
-9.79999974e-02, 6.32000016e-03, 0.00000000e+00, 1.72250438e-02
-9.79999974e-02, 6.33999985e-03, 0.00000000e+00, 1.72216166e-02
-9.79999974e-02, 6.36000000e-03, 0.00000000e+00, 1.72181930e-02
-9.79999974e-02, 6.38000015e-03, 0.00000000e+00, 1.72147676e-02
-9.79999974e-02, 6.39999984e-03, 0.00000000e+00, 1.72113404e-02
-9.79999974e-02, 6.41999999e-03, 0.00000000e+00, 1.72079150e-02
-9.79999974e-02, 6.44000014e-03, 0.00000000e+00, 1.72044877e-02
-9.79999974e-02, 6.45999983e-03, 0.00000000e+00, 1.72010660e-02
-9.79999974e-02, 6.47999998e-03, 0.00000000e+00, 1.71976462e-02
-9.79999974e-02, 6.50000013e-03, 0.00000000e+00, 1.71942208e-02
-9.79999974e-02, 6.51999982e-03, 0.00000000e+00, 1.71907991e-02
-9.79999974e-02, 6.53999997e-03, 0.00000000e+00, 1.71873793e-02
-9.79999974e-02, 6.56000013e-03, 0.00000000e+00, 1.71839576e-02
-9.79999974e-02, 6.57999981e-03, 0.00000000e+00, 1.71805378e-02
-9.79999974e-02, 6.59999996e-03, 0.00000000e+00, 1.71771180e-02
-9.79999974e-02, 6.62000012e-03, 0.00000000e+00, 1.71736963e-02
-9.79999974e-02, 6.63999980e-03, 0.00000000e+00, 1.71702784e-02
-9.79999974e-02, 6.65999996e-03, 0.00000000e+00, 1.71668604e-02
-9.79999974e-02, 6.68000011e-03, 0.00000000e+00, 1.71634443e-02
-9.79999974e-02, 6.69999979e-03, 0.00000000e+00, 1.71600282e-02
-9.79999974e-02, 6.71999995e-03, 0.00000000e+00, 1.71561390e-02
-9.79999974e-02, 6.74000010e-03, 0.00000000e+00, 1.71521548e-02
-9.79999974e-02, 6.75999979e-03, 0.00000000e+00, 1.71481688e-02
-9.79999974e-02, 6.77999994e-03, 0.00000000e+00, 1.71441901e-02
-9.79999974e-02, 6.80000009e-03, 0.00000000e+00, 1.71402078e-02
-9.79999974e-02, 6.81999978e-03, 0.00000000e+00, 1.71362273e-02
-9.79999974e-02, 6.83999993e-03, 0.00000000e+00, 1.71322487e-02
-9.79999974e-02, 6.86000008e-03, 0.00000000e+00, 1.71282701e-02
-9.79999974e-02, 6.87999977e-03, 0.00000000e+00, 1.71242915e-02
-9.79999974e-02, 6.89999992e-03, 0.00000000e+00, 1.71203129e-02
-9.79999974e-02, 6.92000007e-03, 0.00000000e+00, 1.71163343e-02
-9.79999974e-02, 6.94000022e-03, 0.00000000e+00, 1.71123594e-02
-9.79999974e-02, 6.95999991e-03, 0.00000000e+00, 1.71083845e-02
-9.79999974e-02, 6.98000006e-03, 0.00000000e+00, 1.71044096e-02
-9.79999974e-02, 7.00000022e-03, 0.00000000e+00, 1.71004348e-02
-9.79999974e-02, 7.01999990e-03, 0.00000000e+00, 1.70964636e-02
-9.79999974e-02, 7.04000005e-03, 0.00000000e+00, 1.70924850e-02
-9.79999974e-02, 7.06000021e-03, 0.00000000e+00, 1.70885157e-02
-9.79999974e-02, 7.07999989e-03, 0.00000000e+00, 1.70845427e-02
-9.79999974e-02, 7.10000005e-03, 0.00000000e+00, 1.70805715e-02
-9.79999974e-02, 7.12000020e-03, 0.00000000e+00, 1.70766041e-02
-9.79999974e-02, 7.13999989e-03, 0.00000000e+00, 1.70726310e-02
-9.79999974e-02, 7.16000004e-03, 0.00000000e+00, 1.70686617e-02
-9.79999974e-02, 7.18000019e-03, 0.00000000e+00, 1.70646962e-02
-9.79999974e-02, 7.19999988e-03, 0.00000000e+00, 1.70607250e-02
-9.79999974e-02, 7.22000003e-03, 0.00000000e+00, 1.70567613e-02
-9.79999974e-02, 7.24000018e-03, 0.00000000e+00, 1.70520898e-02
-9.79999974e-02, 7.25999987e-03, 0.00000000e+00, 1.70471370e-02
-9.79999974e-02, 7.28000002e-03, 0.00000000e+00, 1.70421842e-02
-9.79999974e-02, 7.30000017e-03, 0.00000000e+00, 1.70372929e-02
-9.79999974e-02, 7.31999986e-03, 0.00000000e+00, 1.70334671e-02
-9.79999974e-02, 7.34000001e-03, 0.00000000e+00, 1.70296412e-02
-9.79999974e-02, 7.36000016e-03, 0.00000000e+00, 1.70258153e-02
-9.79999974e-02, 7.37999985e-03, 0.00000000e+00, 1.70219894e-02
-9.79999974e-02, 7.40000000e-03, 0.00000000e+00, 1.70180928e-02
-9.79999974e-02, 7.42000015e-03, 0.00000000e+00, 1.70139689e-02
-9.79999974e-02, 7.43999984e-03, 0.00000000e+00, 1.70098450e-02
-9.79999974e-02, 7.45999999e-03, 0.00000000e+00, 1.70057230e-02
-9.79999974e-02, 7.48000015e-03, 0.00000000e+00, 1.70015991e-02
-9.79999974e-02, 7.49999983e-03, 0.00000000e+00, 1.69974770e-02
-9.79999974e-02, 7.51999998e-03, 0.00000000e+00, 1.69933550e-02
-9.79999974e-02, 7.54000014e-03, 0.00000000e+00, 1.69892330e-02
-9.79999974e-02, 7.55999982e-03, 0.00000000e+00, 1.69851109e-02
-9.79999974e-02, 7.57999998e-03, 0.00000000e+00, 1.69809908e-02
-9.79999974e-02, 7.60000013e-03, 0.00000000e+00, 1.69768650e-02
-9.79999974e-02, 7.61999981e-03, 0.00000000e+00, 1.69727486e-02
-9.79999974e-02, 7.63999997e-03, 0.00000000e+00, 1.69686284e-02
-9.79999974e-02, 7.66000012e-03, 0.00000000e+00, 1.69645064e-02
-9.79999974e-02, 7.67999981e-03, 0.00000000e+00, 1.69603825e-02
-9.79999974e-02, 7.69999996e-03, 0.00000000e+00, 1.69562623e-02
-9.79999974e-02, 7.72000011e-03, 0.00000000e+00, 1.69521421e-02
-9.79999974e-02, 7.73999980e-03, 0.00000000e+00, 1.69480201e-02
-9.79999974e-02, 7.75999995e-03, 0.00000000e+00, 1.69438981e-02
-9.79999974e-02, 7.78000010e-03, 0.00000000e+00, 1.69397797e-02
-9.79999974e-02, 7.79999979e-03, 0.00000000e+00, 1.69356596e-02
-9.79999974e-02, 7.81999994e-03, 0.00000000e+00, 1.69315413e-02
-9.79999974e-02, 7.84000009e-03, 0.00000000e+00, 1.69274192e-02
-9.79999974e-02, 7.86000025e-03, 0.00000000e+00, 1.69232991e-02
-9.79999974e-02, 7.88000040e-03, 0.00000000e+00, 1.69191826e-02
-9.79999974e-02, 7.89999962e-03, 0.00000000e+00, 1.69150643e-02
-9.79999974e-02, 7.91999977e-03, 0.00000000e+00, 1.69109441e-02
-9.79999974e-02, 7.93999992e-03, 0.00000000e+00, 1.69067420e-02
-9.79999974e-02, 7.96000008e-03, 0.00000000e+00, 1.69022586e-02
-9.79999974e-02, 7.98000023e-03, 0.00000000e+00, 1.68977752e-02
-9.79999974e-02, 8.00000038e-03, 0.00000000e+00, 1.68932937e-02
-9.79999974e-02, 8.01999960e-03, 0.00000000e+00, 1.68888103e-02
-9.79999974e-02, 8.03999975e-03, 0.00000000e+00, 1.68843288e-02
-9.79999974e-02, 8.05999991e-03, 0.00000000e+00, 1.68798491e-02
-9.79999974e-02, 8.08000006e-03, 0.00000000e+00, 1.68753676e-02
-9.79999974e-02, 8.10000021e-03, 0.00000000e+00, 1.68708861e-02
-9.79999974e-02, 8.12000036e-03, 0.00000000e+00, 1.68664083e-02
-9.79999974e-02, 8.13999958e-03, 0.00000000e+00, 1.68619268e-02
-9.79999974e-02, 8.15999974e-03, 0.00000000e+00, 1.68574490e-02
-9.79999974e-02, 8.17999989e-03, 0.00000000e+00, 1.68529712e-02
-9.79999974e-02, 8.20000004e-03, 0.00000000e+00, 1.68484934e-02
-9.79999974e-02, 8.22000019e-03, 0.00000000e+00, 1.68440174e-02
-9.79999974e-02, 8.24000034e-03, 0.00000000e+00, 1.68395378e-02
-9.79999974e-02, 8.25999957e-03, 0.00000000e+00, 1.68350600e-02
-9.79999974e-02, 8.27999972e-03, 0.00000000e+00, 1.68305859e-02
-9.79999974e-02, 8.29999987e-03, 0.00000000e+00, 1.68261100e-02
-9.79999974e-02, 8.32000002e-03, 0.00000000e+00, 1.68216322e-02
-9.79999974e-02, 8.34000017e-03, 0.00000000e+00, 1.68171581e-02
-9.79999974e-02, 8.36000033e-03, 0.00000000e+00, 1.68126822e-02
-9.79999974e-02, 8.37999955e-03, 0.00000000e+00, 1.68082099e-02
-9.79999974e-02, 8.39999970e-03, 0.00000000e+00, 1.68037359e-02
-9.79999974e-02, 8.41999985e-03, 0.00000000e+00, 1.67992618e-02
-9.79999974e-02, 8.44000001e-03, 0.00000000e+00, 1.67947877e-02
-9.79999974e-02, 8.46000016e-03, 0.00000000e+00, 1.67903155e-02
-9.79999974e-02, 8.48000031e-03, 0.00000000e+00, 1.67858843e-02
-9.79999974e-02, 8.50000046e-03, 0.00000000e+00, 1.67809110e-02
-9.79999974e-02, 8.51999968e-03, 0.00000000e+00, 1.67759862e-02
-9.79999974e-02, 8.53999984e-03, 0.00000000e+00, 1.67710651e-02
-9.79999974e-02, 8.55999999e-03, 0.00000000e+00, 1.67661440e-02
-9.79999974e-02, 8.58000014e-03, 0.00000000e+00, 1.67612284e-02
-9.79999974e-02, 8.60000029e-03, 0.00000000e+00, 1.67563073e-02
-9.79999974e-02, 8.62000044e-03, 0.00000000e+00, 1.67513900e-02
-9.79999974e-02, 8.63999967e-03, 0.00000000e+00, 1.67464782e-02
-9.79999974e-02, 8.65999982e-03, 0.00000000e+00, 1.67415608e-02
-9.79999974e-02, 8.67999997e-03, 0.00000000e+00, 1.67366471e-02
-9.79999974e-02, 8.70000012e-03, 0.00000000e+00, 1.67317353e-02
-9.79999974e-02, 8.72000027e-03, 0.00000000e+00, 1.67268217e-02
-9.79999974e-02, 8.74000043e-03, 0.00000000e+00, 1.67219136e-02
-9.79999974e-02, 8.75999965e-03, 0.00000000e+00, 1.67170055e-02
-9.79999974e-02, 8.77999980e-03, 0.00000000e+00, 1.67120956e-02
-9.79999974e-02, 8.79999995e-03, 0.00000000e+00, 1.67071912e-02
-9.79999974e-02, 8.82000010e-03, 0.00000000e+00, 1.67022850e-02
-9.79999974e-02, 8.84000026e-03, 0.00000000e+00, 1.66973807e-02
-9.79999974e-02, 8.86000041e-03, 0.00000000e+00, 1.66924782e-02
-9.79999974e-02, 8.87999963e-03, 0.00000000e+00, 1.66875795e-02
-9.79999974e-02, 8.89999978e-03, 0.00000000e+00, 1.66826788e-02
-9.79999974e-02, 8.91999993e-03, 0.00000000e+00, 1.66777819e-02
-9.79999974e-02, 8.94000009e-03, 0.00000000e+00, 1.66728813e-02
-9.79999974e-02, 8.96000024e-03, 0.00000000e+00, 1.66679863e-02
-9.79999974e-02, 8.98000039e-03, 0.00000000e+00, 1.66630894e-02
-9.79999974e-02, 8.99999961e-03, 0.00000000e+00, 1.66581981e-02
-9.79999974e-02, 9.01999976e-03, 0.00000000e+00, 1.66533068e-02
-9.79999974e-02, 9.03999992e-03, 0.00000000e+00, 1.66484136e-02
-9.79999974e-02, 9.06000007e-03, 0.00000000e+00, 1.66435242e-02
-9.79999974e-02, 9.08000022e-03, 0.00000000e+00, 1.66386347e-02
-9.79999974e-02, 9.10000037e-03, 0.00000000e+00, 1.66336559e-02
-9.79999974e-02, 9.11999959e-03, 0.00000000e+00, 1.66274812e-02
-9.79999974e-02, 9.13999975e-03, 0.00000000e+00, 1.66213084e-02
-9.79999974e-02, 9.15999990e-03, 0.00000000e+00, 1.66151319e-02
-9.79999974e-02, 9.18000005e-03, 0.00000000e+00, 1.66089553e-02
-9.79999974e-02, 9.20000020e-03, 0.00000000e+00, 1.66027844e-02
-9.79999974e-02, 9.22000036e-03, 0.00000000e+00, 1.65966097e-02
-9.79999974e-02, 9.23999958e-03, 0.00000000e+00, 1.65904388e-02
-9.79999974e-02, 9.25999973e-03, 0.00000000e+00, 1.65842660e-02
-9.79999974e-02, 9.27999988e-03, 0.00000000e+00, 1.65780969e-02
-9.79999974e-02, 9.30000003e-03, 0.00000000e+00, 1.65719222e-02
-9.79999974e-02, 9.32000019e-03, 0.00000000e+00, 1.65657531e-02
-9.79999974e-02, 9.34000034e-03, 0.00000000e+00, 1.65595841e-02
-9.79999974e-02, 9.35999956e-03, 0.00000000e+00, 1.65534150e-02
-9.79999974e-02, 9.37999971e-03, 0.00000000e+00, 1.65472440e-02
-9.79999974e-02, 9.39999986e-03, 0.00000000e+00, 1.65410731e-02
-9.79999974e-02, 9.42000002e-03, 0.00000000e+00, 1.65349711e-02
-9.79999974e-02, 9.44000017e-03, 0.00000000e+00, 1.65293962e-02
-9.79999974e-02, 9.46000032e-03, 0.00000000e+00, 1.65238194e-02
-9.79999974e-02, 9.47999954e-03, 0.00000000e+00, 1.65182464e-02
-9.79999974e-02, 9.49999969e-03, 0.00000000e+00, 1.65126752e-02
-9.79999974e-02, 9.51999985e-03, 0.00000000e+00, 1.65071040e-02
-9.79999974e-02, 9.54000000e-03, 0.00000000e+00, 1.65015347e-02
-9.79999974e-02, 9.56000015e-03, 0.00000000e+00, 1.64959636e-02
-9.79999974e-02, 9.58000030e-03, 0.00000000e+00, 1.64903924e-02
-9.79999974e-02, 9.60000046e-03, 0.00000000e+00, 1.64848249e-02
-9.79999974e-02, 9.61999968e-03, 0.00000000e+00, 1.64792575e-02
-9.79999974e-02, 9.63999983e-03, 0.00000000e+00, 1.64736900e-02
-9.79999974e-02, 9.65999998e-03, 0.00000000e+00, 1.64681263e-02
-9.79999974e-02, 9.68000013e-03, 0.00000000e+00, 1.64625645e-02
-9.79999974e-02, 9.70000029e-03, 0.00000000e+00, 1.64570007e-02
-9.79999974e-02, 9.72000044e-03, 0.00000000e+00, 1.64514389e-02
-9.79999974e-02, 9.73999966e-03, 0.00000000e+00, 1.64458789e-02
-9.79999974e-02, 9.75999981e-03, 0.00000000e+00, 1.64403170e-02
-9.79999974e-02, 9.77999996e-03, 0.00000000e+00, 1.64347552e-02
-9.79999974e-02, 9.80000012e-03, 0.00000000e+00, 1.64291989e-02
-9.79999974e-02, 9.82000027e-03, 0.00000000e+00, 1.64236389e-02
-9.79999974e-02, 9.84000042e-03, 0.00000000e+00, 1.64180826e-02
-9.79999974e-02, 9.85999964e-03, 0.00000000e+00, 1.64125282e-02
-9.79999974e-02, 9.87999979e-03, 0.00000000e+00, 1.64069720e-02
-9.79999974e-02, 9.89999995e-03, 0.00000000e+00, 1.64014213e-02
-9.79999974e-02, 9.92000010e-03, 0.00000000e+00, 1.63967554e-02
-9.79999974e-02, 9.94000025e-03, 0.00000000e+00, 1.63922012e-02
-9.79999974e-02, 9.96000040e-03, 0.00000000e+00, 1.63877755e-02
-9.79999974e-02, 9.97999962e-03, 0.00000000e+00, 1.63830947e-02
-9.79999974e-02, 9.99999978e-03, 0.00000000e+00, 1.63785443e-02
-9.79999974e-02, 1.00199999e-02, 0.00000000e+00, 1.63739920e-02
-9.79999974e-02, 1.00400001e-02, 0.00000000e+00, 1.63694415e-02
-9.79999974e-02, 1.00600002e-02, 0.00000000e+00, 1.63648911e-02
-9.79999974e-02, 1.00800004e-02, 0.00000000e+00, 1.63603351e-02
-9.79999974e-02, 1.00999996e-02, 0.00000000e+00, 1.63557846e-02
-9.79999974e-02, 1.01199998e-02, 0.00000000e+00, 1.63512342e-02
-9.79999974e-02, 1.01399999e-02, 0.00000000e+00, 1.63466781e-02
-9.79999974e-02, 1.01600001e-02, 0.00000000e+00, 1.63421258e-02
-9.79999974e-02, 1.01800002e-02, 0.00000000e+00, 1.63375735e-02
-9.79999974e-02, 1.02000004e-02, 0.00000000e+00, 1.63330212e-02
-9.79999974e-02, 1.02199996e-02, 0.00000000e+00, 1.63284689e-02
-9.79999974e-02, 1.02399997e-02, 0.00000000e+00, 1.63239203e-02
-9.79999974e-02, 1.02599999e-02, 0.00000000e+00, 1.63193662e-02
-9.79999974e-02, 1.02800000e-02, 0.00000000e+00, 1.63148157e-02
-9.79999974e-02, 1.03000002e-02, 0.00000000e+00, 1.63102634e-02
-9.79999974e-02, 1.03200004e-02, 0.00000000e+00, 1.63057111e-02
-9.79999974e-02, 1.03399996e-02, 0.00000000e+00, 1.63011607e-02
-9.79999974e-02, 1.03599997e-02, 0.00000000e+00, 1.62966084e-02
-9.79999974e-02, 1.03799999e-02, 0.00000000e+00, 1.62920579e-02
-9.79999974e-02, 1.04000000e-02, 0.00000000e+00, 1.62875075e-02
-9.79999974e-02, 1.04200002e-02, 0.00000000e+00, 1.62829533e-02
-9.79999974e-02, 1.04400003e-02, 0.00000000e+00, 1.62784029e-02
-9.79999974e-02, 1.04599996e-02, 0.00000000e+00, 1.62729658e-02
-9.79999974e-02, 1.04799997e-02, 0.00000000e+00, 1.62673201e-02
-9.79999974e-02, 1.04999999e-02, 0.00000000e+00, 1.62616745e-02
-9.79999974e-02, 1.05200000e-02, 0.00000000e+00, 1.62560269e-02
-9.79999974e-02, 1.05400002e-02, 0.00000000e+00, 1.62503831e-02
-9.79999974e-02, 1.05600003e-02, 0.00000000e+00, 1.62447337e-02
-9.79999974e-02, 1.05799995e-02, 0.00000000e+00, 1.62390936e-02
-9.79999974e-02, 1.05999997e-02, 0.00000000e+00, 1.62334479e-02
-9.79999974e-02, 1.06199998e-02, 0.00000000e+00, 1.62278041e-02
-9.79999974e-02, 1.06400000e-02, 0.00000000e+00, 1.62221603e-02
-9.79999974e-02, 1.06600001e-02, 0.00000000e+00, 1.62165184e-02
-9.79999974e-02, 1.06800003e-02, 0.00000000e+00, 1.62108745e-02
-9.79999974e-02, 1.07000005e-02, 0.00000000e+00, 1.62052307e-02
-9.79999974e-02, 1.07199997e-02, 0.00000000e+00, 1.61995906e-02
-9.79999974e-02, 1.07399998e-02, 0.00000000e+00, 1.61939505e-02
-9.79999974e-02, 1.07600000e-02, 0.00000000e+00, 1.61883105e-02
-9.79999974e-02, 1.07800001e-02, 0.00000000e+00, 1.61826722e-02
-9.79999974e-02, 1.08000003e-02, 0.00000000e+00, 1.61770303e-02
-9.79999974e-02, 1.08200004e-02, 0.00000000e+00, 1.61713902e-02
-9.79999974e-02, 1.08399997e-02, 0.00000000e+00, 1.61657538e-02
-9.79999974e-02, 1.08599998e-02, 0.00000000e+00, 1.61601156e-02
-9.79999974e-02, 1.08800000e-02, 0.00000000e+00, 1.61544774e-02
-9.79999974e-02, 1.09000001e-02, 0.00000000e+00, 1.61488410e-02
-9.79999974e-02, 1.09200003e-02, 0.00000000e+00, 1.61432028e-02
-9.79999974e-02, 1.09400004e-02, 0.00000000e+00, 1.61374211e-02
-9.79999974e-02, 1.09599996e-02, 0.00000000e+00, 1.61302220e-02
-9.79999974e-02, 1.09799998e-02, 0.00000000e+00, 1.61230285e-02
-9.79999974e-02, 1.09999999e-02, 0.00000000e+00, 1.61158387e-02
-9.79999974e-02, 1.10200001e-02, 0.00000000e+00, 1.61086451e-02
-9.79999974e-02, 1.10400002e-02, 0.00000000e+00, 1.61014553e-02
-9.79999974e-02, 1.10600004e-02, 0.00000000e+00, 1.60942636e-02
-9.79999974e-02, 1.10799996e-02, 0.00000000e+00, 1.60870794e-02
-9.79999974e-02, 1.10999998e-02, 0.00000000e+00, 1.60798952e-02
-9.79999974e-02, 1.11199999e-02, 0.00000000e+00, 1.60727091e-02
-9.79999974e-02, 1.11400001e-02, 0.00000000e+00, 1.60655268e-02
-9.79999974e-02, 1.11600002e-02, 0.00000000e+00, 1.60583481e-02
-9.79999974e-02, 1.11800004e-02, 0.00000000e+00, 1.60511713e-02
-9.79999974e-02, 1.11999996e-02, 0.00000000e+00, 1.60439927e-02
-9.79999974e-02, 1.12199998e-02, 0.00000000e+00, 1.60368159e-02
-9.79999974e-02, 1.12399999e-02, 0.00000000e+00, 1.60296429e-02
-9.79999974e-02, 1.12600001e-02, 0.00000000e+00, 1.60224698e-02
-9.79999974e-02, 1.12800002e-02, 0.00000000e+00, 1.60152968e-02
-9.79999974e-02, 1.13000004e-02, 0.00000000e+00, 1.60081293e-02
-9.79999974e-02, 1.13199996e-02, 0.00000000e+00, 1.60009637e-02
-9.79999974e-02, 1.13399997e-02, 0.00000000e+00, 1.59937982e-02
-9.79999974e-02, 1.13599999e-02, 0.00000000e+00, 1.59867574e-02
-9.79999974e-02, 1.13800000e-02, 0.00000000e+00, 1.59801934e-02
-9.79999974e-02, 1.14000002e-02, 0.00000000e+00, 1.59736294e-02
-9.79999974e-02, 1.14200003e-02, 0.00000000e+00, 1.59670692e-02
-9.79999974e-02, 1.14399996e-02, 0.00000000e+00, 1.59605108e-02
-9.79999974e-02, 1.14599997e-02, 0.00000000e+00, 1.59539543e-02
-9.79999974e-02, 1.14799999e-02, 0.00000000e+00, 1.59473978e-02
-9.79999974e-02, 1.15000000e-02, 0.00000000e+00, 1.59408450e-02
-9.79999974e-02, 1.15200002e-02, 0.00000000e+00, 1.59342904e-02
-9.79999974e-02, 1.15400003e-02, 0.00000000e+00, 1.59277413e-02
-9.79999974e-02, 1.15599995e-02, 0.00000000e+00, 1.59211922e-02
-9.79999974e-02, 1.15799997e-02, 0.00000000e+00, 1.59146469e-02
-9.79999974e-02, 1.15999999e-02, 0.00000000e+00, 1.59081053e-02
-9.79999974e-02, 1.16200000e-02, 0.00000000e+00, 1.59015600e-02
-9.79999974e-02, 1.16400002e-02, 0.00000000e+00, 1.58950165e-02
-9.79999974e-02, 1.16600003e-02, 0.00000000e+00, 1.58884786e-02
-9.79999974e-02, 1.16800005e-02, 0.00000000e+00, 1.58819407e-02
-9.79999974e-02, 1.16999997e-02, 0.00000000e+00, 1.58754047e-02
-9.79999974e-02, 1.17199998e-02, 0.00000000e+00, 1.58688724e-02
-9.79999974e-02, 1.17400000e-02, 0.00000000e+00, 1.58623364e-02
-9.79999974e-02, 1.17600001e-02, 0.00000000e+00, 1.58558078e-02
-9.79999974e-02, 1.17800003e-02, 0.00000000e+00, 1.58492792e-02
-9.79999974e-02, 1.18000004e-02, 0.00000000e+00, 1.58427507e-02
-9.79999974e-02, 1.18199997e-02, 0.00000000e+00, 1.58362258e-02
-9.79999974e-02, 1.18399998e-02, 0.00000000e+00, 1.58297028e-02
-9.79999974e-02, 1.18600000e-02, 0.00000000e+00, 1.58231799e-02
-9.79999974e-02, 1.18800001e-02, 0.00000000e+00, 1.58166587e-02
-9.79999974e-02, 1.19000003e-02, 0.00000000e+00, 1.58101413e-02
-9.79999974e-02, 1.19200004e-02, 0.00000000e+00, 1.58036258e-02
-9.79999974e-02, 1.19399996e-02, 0.00000000e+00, 1.57971103e-02
-9.79999974e-02, 1.19599998e-02, 0.00000000e+00, 1.57905985e-02
-9.79999974e-02, 1.19800000e-02, 0.00000000e+00, 1.57840885e-02
-9.79999974e-02, 1.20000001e-02, 0.00000000e+00, 1.57775767e-02
-9.79999974e-02, 1.20200003e-02, 0.00000000e+00, 1.57710686e-02
-9.79999974e-02, 1.20400004e-02, 0.00000000e+00, 1.57643855e-02
-9.79999974e-02, 1.20599996e-02, 0.00000000e+00, 1.57574676e-02
-9.79999974e-02, 1.20799998e-02, 0.00000000e+00, 1.57505479e-02
-9.79999974e-02, 1.20999999e-02, 0.00000000e+00, 1.57429930e-02
-9.79999974e-02, 1.21200001e-02, 0.00000000e+00, 1.57363936e-02
-9.79999974e-02, 1.21400002e-02, 0.00000000e+00, 1.57300197e-02
-9.79999974e-02, 1.21600004e-02, 0.00000000e+00, 1.57236438e-02
-9.79999974e-02, 1.21799996e-02, 0.00000000e+00, 1.57172699e-02
-9.79999974e-02, 1.21999998e-02, 0.00000000e+00, 1.57108959e-02
-9.79999974e-02, 1.22199999e-02, 0.00000000e+00, 1.57045238e-02
-9.79999974e-02, 1.22400001e-02, 0.00000000e+00, 1.56981498e-02
-9.79999974e-02, 1.22600002e-02, 0.00000000e+00, 1.56917758e-02
-9.79999974e-02, 1.22800004e-02, 0.00000000e+00, 1.56854037e-02
-9.79999974e-02, 1.22999996e-02, 0.00000000e+00, 1.56790297e-02
-9.79999974e-02, 1.23199997e-02, 0.00000000e+00, 1.56726576e-02
-9.79999974e-02, 1.23399999e-02, 0.00000000e+00, 1.56662855e-02
-9.79999974e-02, 1.23600001e-02, 0.00000000e+00, 1.56599153e-02
-9.79999974e-02, 1.23800002e-02, 0.00000000e+00, 1.56535450e-02
-9.79999974e-02, 1.24000004e-02, 0.00000000e+00, 1.56471729e-02
-9.79999974e-02, 1.24199996e-02, 0.00000000e+00, 1.56408008e-02
-9.79999974e-02, 1.24399997e-02, 0.00000000e+00, 1.56344287e-02
-9.79999974e-02, 1.24599999e-02, 0.00000000e+00, 1.56280585e-02
-9.79999974e-02, 1.24800000e-02, 0.00000000e+00, 1.56216901e-02
-9.79999974e-02, 1.25000002e-02, 0.00000000e+00, 1.56153170e-02
-9.79999974e-02, 1.25200003e-02, 0.00000000e+00, 1.56089487e-02
-9.79999974e-02, 1.25399996e-02, 0.00000000e+00, 1.56025793e-02
-9.79999974e-02, 1.25599997e-02, 0.00000000e+00, 1.55962082e-02
-9.79999974e-02, 1.25799999e-02, 0.00000000e+00, 1.55898416e-02
-9.79999974e-02, 1.26000000e-02, 0.00000000e+00, 1.55834714e-02
-9.79999974e-02, 1.26200002e-02, 0.00000000e+00, 1.55771039e-02
-9.79999974e-02, 1.26400003e-02, 0.00000000e+00, 1.55707374e-02
-9.79999974e-02, 1.26599995e-02, 0.00000000e+00, 1.55643681e-02
-9.79999974e-02, 1.26799997e-02, 0.00000000e+00, 1.55580016e-02
-9.79999974e-02, 1.26999998e-02, 0.00000000e+00, 1.55516351e-02
-9.79999974e-02, 1.27200000e-02, 0.00000000e+00, 1.55452667e-02
-9.79999974e-02, 1.27400002e-02, 0.00000000e+00, 1.55388992e-02
-9.79999974e-02, 1.27600003e-02, 0.00000000e+00, 1.55325327e-02
-9.79999974e-02, 1.27800005e-02, 0.00000000e+00, 1.55261671e-02
-9.79999974e-02, 1.27999997e-02, 0.00000000e+00, 1.55198015e-02
-9.79999974e-02, 1.28199998e-02, 0.00000000e+00, 1.55134369e-02
-9.79999974e-02, 1.28400000e-02, 0.00000000e+00, 1.55056389e-02
-9.79999974e-02, 1.28600001e-02, 0.00000000e+00, 1.54972989e-02
-9.79999974e-02, 1.28800003e-02, 0.00000000e+00, 1.54889626e-02
-9.79999974e-02, 1.29000004e-02, 0.00000000e+00, 1.54806245e-02
-9.79999974e-02, 1.29199997e-02, 0.00000000e+00, 1.54722901e-02
-9.79999974e-02, 1.29399998e-02, 0.00000000e+00, 1.54639548e-02
-9.79999974e-02, 1.29600000e-02, 0.00000000e+00, 1.54556222e-02
-9.79999974e-02, 1.29800001e-02, 0.00000000e+00, 1.54472878e-02
-9.79999974e-02, 1.30000003e-02, 0.00000000e+00, 1.54389571e-02
-9.79999974e-02, 1.30200004e-02, 0.00000000e+00, 1.54306274e-02
-9.79999974e-02, 1.30399996e-02, 0.00000000e+00, 1.54222986e-02
-9.79999974e-02, 1.30599998e-02, 0.00000000e+00, 1.54139707e-02
-9.79999974e-02, 1.30799999e-02, 0.00000000e+00, 1.54056456e-02
-9.79999974e-02, 1.31000001e-02, 0.00000000e+00, 1.53973205e-02
-9.79999974e-02, 1.31200003e-02, 0.00000000e+00, 1.53889963e-02
-9.79999974e-02, 1.31400004e-02, 0.00000000e+00, 1.53806740e-02
-9.79999974e-02, 1.31599996e-02, 0.00000000e+00, 1.53717743e-02
-9.79999974e-02, 1.31799998e-02, 0.00000000e+00, 1.53612066e-02
-9.79999974e-02, 1.31999999e-02, 0.00000000e+00, 1.53506408e-02
-9.79999974e-02, 1.32200001e-02, 0.00000000e+00, 1.53400777e-02
-9.79999974e-02, 1.32400002e-02, 0.00000000e+00, 1.53295202e-02
-9.79999974e-02, 1.32600004e-02, 0.00000000e+00, 1.53189590e-02
-9.79999974e-02, 1.32799996e-02, 0.00000000e+00, 1.53084062e-02
-9.79999974e-02, 1.32999998e-02, 0.00000000e+00, 1.52978515e-02
-9.79999974e-02, 1.33199999e-02, 0.00000000e+00, 1.52872968e-02
-9.79999974e-02, 1.33400001e-02, 0.00000000e+00, 1.52767487e-02
-9.79999974e-02, 1.33600002e-02, 0.00000000e+00, 1.52662015e-02
-9.79999974e-02, 1.33800004e-02, 0.00000000e+00, 1.52556542e-02
-9.79999974e-02, 1.33999996e-02, 0.00000000e+00, 1.52451098e-02
-9.79999974e-02, 1.34199997e-02, 0.00000000e+00, 1.52345682e-02
-9.79999974e-02, 1.34399999e-02, 0.00000000e+00, 1.52240302e-02
-9.79999974e-02, 1.34600000e-02, 0.00000000e+00, 1.52134923e-02
-9.79999974e-02, 1.34800002e-02, 0.00000000e+00, 1.52029572e-02
-9.79999974e-02, 1.35000004e-02, 0.00000000e+00, 1.51924239e-02
-9.79999974e-02, 1.35199996e-02, 0.00000000e+00, 1.51820295e-02
-9.79999974e-02, 1.35399997e-02, 0.00000000e+00, 1.51735023e-02
-9.79999974e-02, 1.35599999e-02, 0.00000000e+00, 1.51649760e-02
-9.79999974e-02, 1.35800000e-02, 0.00000000e+00, 1.51564516e-02
-9.79999974e-02, 1.36000002e-02, 0.00000000e+00, 1.51479254e-02
-9.79999974e-02, 1.36200003e-02, 0.00000000e+00, 1.51394028e-02
-9.79999974e-02, 1.36399996e-02, 0.00000000e+00, 1.51308794e-02
-9.79999974e-02, 1.36599997e-02, 0.00000000e+00, 1.51223596e-02
-9.79999974e-02, 1.36799999e-02, 0.00000000e+00, 1.51138389e-02
-9.79999974e-02, 1.37000000e-02, 0.00000000e+00, 1.51053155e-02
-9.79999974e-02, 1.37200002e-02, 0.00000000e+00, 1.50967976e-02
-9.79999974e-02, 1.37400003e-02, 0.00000000e+00, 1.50882779e-02
-9.79999974e-02, 1.37599995e-02, 0.00000000e+00, 1.50797619e-02
-9.79999974e-02, 1.37799997e-02, 0.00000000e+00, 1.50712449e-02
-9.79999974e-02, 1.37999998e-02, 0.00000000e+00, 1.50627261e-02
-9.79999974e-02, 1.38200000e-02, 0.00000000e+00, 1.50542138e-02
-9.79999974e-02, 1.38400001e-02, 0.00000000e+00, 1.50456987e-02
-9.79999974e-02, 1.38600003e-02, 0.00000000e+00, 1.50371836e-02
-9.79999974e-02, 1.38800004e-02, 0.00000000e+00, 1.50286742e-02
-9.79999974e-02, 1.38999997e-02, 0.00000000e+00, 1.50201600e-02
-9.79999974e-02, 1.39199998e-02, 0.00000000e+00, 1.50116477e-02
-9.79999974e-02, 1.39400000e-02, 0.00000000e+00, 1.50031373e-02
-9.79999974e-02, 1.39600001e-02, 0.00000000e+00, 1.49946278e-02
-9.79999974e-02, 1.39800003e-02, 0.00000000e+00, 1.49861192e-02
-9.79999974e-02, 1.40000004e-02, 0.00000000e+00, 1.49776116e-02
-9.79999974e-02, 1.40199997e-02, 0.00000000e+00, 1.49691040e-02
-9.79999974e-02, 1.40399998e-02, 0.00000000e+00, 1.49606001e-02
-9.79999974e-02, 1.40600000e-02, 0.00000000e+00, 1.49520915e-02
-9.79999974e-02, 1.40800001e-02, 0.00000000e+00, 1.49435895e-02
-9.79999974e-02, 1.41000003e-02, 0.00000000e+00, 1.49349747e-02
-9.79999974e-02, 1.41200004e-02, 0.00000000e+00, 1.49262296e-02
-9.79999974e-02, 1.41399996e-02, 0.00000000e+00, 1.49174863e-02
-9.79999974e-02, 1.41599998e-02, 0.00000000e+00, 1.49087412e-02
-9.79999974e-02, 1.41799999e-02, 0.00000000e+00, 1.48999989e-02
-9.79999974e-02, 1.42000001e-02, 0.00000000e+00, 1.48912612e-02
-9.79999974e-02, 1.42200002e-02, 0.00000000e+00, 1.48825208e-02
-9.79999974e-02, 1.42400004e-02, 0.00000000e+00, 1.48737803e-02
-9.79999974e-02, 1.42599996e-02, 0.00000000e+00, 1.48650436e-02
-9.79999974e-02, 1.42799998e-02, 0.00000000e+00, 1.48563040e-02
-9.79999974e-02, 1.42999999e-02, 0.00000000e+00, 1.48475673e-02
-9.79999974e-02, 1.43200001e-02, 0.00000000e+00, 1.48388278e-02
-9.79999974e-02, 1.43400002e-02, 0.00000000e+00, 1.48301199e-02
-9.79999974e-02, 1.43600004e-02, 0.00000000e+00, 1.48216709e-02
-9.79999974e-02, 1.43799996e-02, 0.00000000e+00, 1.48132266e-02
-9.79999974e-02, 1.43999998e-02, 0.00000000e+00, 1.48047907e-02
-9.79999974e-02, 1.44199999e-02, 0.00000000e+00, 1.47963595e-02
-9.79999974e-02, 1.44400001e-02, 0.00000000e+00, 1.47879347e-02
-9.79999974e-02, 1.44600002e-02, 0.00000000e+00, 1.47795184e-02
-9.79999974e-02, 1.44800004e-02, 0.00000000e+00, 1.47711076e-02
-9.79999974e-02, 1.44999996e-02, 0.00000000e+00, 1.47627061e-02
-9.79999974e-02, 1.45199997e-02, 0.00000000e+00, 1.47543103e-02
-9.79999974e-02, 1.45399999e-02, 0.00000000e+00, 1.47459228e-02
-9.79999974e-02, 1.45600000e-02, 0.00000000e+00, 1.47375399e-02
-9.79999974e-02, 1.45800002e-02, 0.00000000e+00, 1.47291655e-02
-9.79999974e-02, 1.46000003e-02, 0.00000000e+00, 1.47207966e-02
-9.79999974e-02, 1.46199996e-02, 0.00000000e+00, 1.47124361e-02
-9.79999974e-02, 1.46399997e-02, 0.00000000e+00, 1.47040794e-02
-9.79999974e-02, 1.46599999e-02, 0.00000000e+00, 1.46957319e-02
-9.79999974e-02, 1.46800000e-02, 0.00000000e+00, 1.46873929e-02
-9.79999974e-02, 1.47000002e-02, 0.00000000e+00, 1.46790575e-02
-9.79999974e-02, 1.47200003e-02, 0.00000000e+00, 1.46707315e-02
-9.79999974e-02, 1.47399995e-02, 0.00000000e+00, 1.46624120e-02
-9.79999974e-02, 1.47599997e-02, 0.00000000e+00, 1.46540981e-02
-9.79999974e-02, 1.47799999e-02, 0.00000000e+00, 1.46457935e-02
-9.79999974e-02, 1.48000000e-02, 0.00000000e+00, 1.46374926e-02
-9.79999974e-02, 1.48200002e-02, 0.00000000e+00, 1.46292020e-02
-9.79999974e-02, 1.48400003e-02, 0.00000000e+00, 1.46209178e-02
-9.79999974e-02, 1.48600005e-02, 0.00000000e+00, 1.46126412e-02
-9.79999974e-02, 1.48799997e-02, 0.00000000e+00, 1.46043701e-02
-9.79999974e-02, 1.48999998e-02, 0.00000000e+00, 1.45961065e-02
-9.79999974e-02, 1.49200000e-02, 0.00000000e+00, 1.45878503e-02
-9.79999974e-02, 1.49400001e-02, 0.00000000e+00, 1.45796007e-02
-9.79999974e-02, 1.49600003e-02, 0.00000000e+00, 1.45713594e-02
-9.79999974e-02, 1.49800004e-02, 0.00000000e+00, 1.45631228e-02
-9.79999974e-02, 1.49999997e-02, 0.00000000e+00, 1.45548945e-02
-9.79999974e-02, 1.50199998e-02, 0.00000000e+00, 1.45466737e-02
-9.79999974e-02, 1.50400000e-02, 0.00000000e+00, 1.45384613e-02
-9.79999974e-02, 1.50600001e-02, 0.00000000e+00, 1.45302545e-02
-9.79999974e-02, 1.50800003e-02, 0.00000000e+00, 1.45220542e-02
-9.79999974e-02, 1.51000004e-02, 0.00000000e+00, 1.45138633e-02
-9.79999974e-02, 1.51199996e-02, 0.00000000e+00, 1.45056779e-02
-9.79999974e-02, 1.51399998e-02, 0.00000000e+00, 1.44975018e-02
-9.79999974e-02, 1.51600000e-02, 0.00000000e+00, 1.44888423e-02
-9.79999974e-02, 1.51800001e-02, 0.00000000e+00, 1.44793978e-02
-9.79999974e-02, 1.52000003e-02, 0.00000000e+00, 1.44699533e-02
-9.79999974e-02, 1.52200004e-02, 0.00000000e+00, 1.44605068e-02
-9.79999974e-02, 1.52399996e-02, 0.00000000e+00, 1.44510614e-02
-9.79999974e-02, 1.52599998e-02, 0.00000000e+00, 1.44416159e-02
-9.79999974e-02, 1.52799999e-02, 0.00000000e+00, 1.44321723e-02
-9.79999974e-02, 1.53000001e-02, 0.00000000e+00, 1.44227277e-02
-9.79999974e-02, 1.53200002e-02, 0.00000000e+00, 1.44132832e-02
-9.79999974e-02, 1.53400004e-02, 0.00000000e+00, 1.44038359e-02
-9.79999974e-02, 1.53599996e-02, 0.00000000e+00, 1.43943941e-02
-9.79999974e-02, 1.53799998e-02, 0.00000000e+00, 1.43849486e-02
-9.79999974e-02, 1.53999999e-02, 0.00000000e+00, 1.43755032e-02
-9.79999974e-02, 1.54200001e-02, 0.00000000e+00, 1.43660596e-02
-9.79999974e-02, 1.54400002e-02, 0.00000000e+00, 1.43566141e-02
-9.79999974e-02, 1.54600004e-02, 0.00000000e+00, 1.43471686e-02
-9.79999974e-02, 1.54799996e-02, 0.00000000e+00, 1.43377241e-02
-9.79999974e-02, 1.54999997e-02, 0.00000000e+00, 1.43282767e-02
-9.79999974e-02, 1.55199999e-02, 0.00000000e+00, 1.43188341e-02
-9.79999974e-02, 1.55400001e-02, 0.00000000e+00, 1.43093886e-02
-9.79999974e-02, 1.55600002e-02, 0.00000000e+00, 1.42999450e-02
-9.79999974e-02, 1.55800004e-02, 0.00000000e+00, 1.42904995e-02
-9.79999974e-02, 1.55999996e-02, 0.00000000e+00, 1.42810550e-02
-9.79999974e-02, 1.56199997e-02, 0.00000000e+00, 1.42714558e-02
-9.79999974e-02, 1.56399999e-02, 0.00000000e+00, 1.42610595e-02
-9.79999974e-02, 1.56599991e-02, 0.00000000e+00, 1.42506631e-02
-9.79999974e-02, 1.56800002e-02, 0.00000000e+00, 1.42402668e-02
-9.79999974e-02, 1.56999994e-02, 0.00000000e+00, 1.42298695e-02
-9.79999974e-02, 1.57200005e-02, 0.00000000e+00, 1.42194722e-02
-9.79999974e-02, 1.57399997e-02, 0.00000000e+00, 1.42090768e-02
-9.79999974e-02, 1.57600008e-02, 0.00000000e+00, 1.41986813e-02
-9.79999974e-02, 1.57800000e-02, 0.00000000e+00, 1.41882831e-02
-9.79999974e-02, 1.57999992e-02, 0.00000000e+00, 1.41778877e-02
-9.79999974e-02, 1.58200003e-02, 0.00000000e+00, 1.41674913e-02
-9.79999974e-02, 1.58399995e-02, 0.00000000e+00, 1.41570969e-02
-9.79999974e-02, 1.58600006e-02, 0.00000000e+00, 1.41466986e-02
-9.79999974e-02, 1.58799998e-02, 0.00000000e+00, 1.41363023e-02
-9.79999974e-02, 1.59000009e-02, 0.00000000e+00, 1.41251786e-02
-9.79999974e-02, 1.59200002e-02, 0.00000000e+00, 1.41127389e-02
-9.79999974e-02, 1.59399994e-02, 0.00000000e+00, 1.41003113e-02
-9.79999974e-02, 1.59600005e-02, 0.00000000e+00, 1.40878875e-02
-9.79999974e-02, 1.59799997e-02, 0.00000000e+00, 1.40754823e-02
-9.79999974e-02, 1.60000008e-02, 0.00000000e+00, 1.40630798e-02
-9.79999974e-02, 1.60200000e-02, 0.00000000e+00, 1.40506914e-02
-9.79999974e-02, 1.60399992e-02, 0.00000000e+00, 1.40383122e-02
-9.79999974e-02, 1.60600003e-02, 0.00000000e+00, 1.40259434e-02
-9.79999974e-02, 1.60799995e-02, 0.00000000e+00, 1.40134199e-02
-9.79999974e-02, 1.61000006e-02, 0.00000000e+00, 1.40008805e-02
-9.79999974e-02, 1.61199998e-02, 0.00000000e+00, 1.39883459e-02
-9.79999974e-02, 1.61400009e-02, 0.00000000e+00, 1.39758131e-02
-9.79999974e-02, 1.61600001e-02, 0.00000000e+00, 1.39632849e-02
-9.79999974e-02, 1.61799993e-02, 0.00000000e+00, 1.39507577e-02
-9.79999974e-02, 1.62000004e-02, 0.00000000e+00, 1.39382342e-02
-9.79999974e-02, 1.62199996e-02, 0.00000000e+00, 1.39257144e-02
-9.79999974e-02, 1.62400007e-02, 0.00000000e+00, 1.39131984e-02
-9.79999974e-02, 1.62599999e-02, 0.00000000e+00, 1.39006833e-02
-9.79999974e-02, 1.62799992e-02, 0.00000000e+00, 1.38881709e-02
-9.79999974e-02, 1.63000003e-02, 0.00000000e+00, 1.38756633e-02
-9.79999974e-02, 1.63199995e-02, 0.00000000e+00, 1.38631565e-02
-9.79999974e-02, 1.63400006e-02, 0.00000000e+00, 1.38506545e-02
-9.79999974e-02, 1.63599998e-02, 0.00000000e+00, 1.38381552e-02
-9.79999974e-02, 1.63800009e-02, 0.00000000e+00, 1.38256587e-02
-9.79999974e-02, 1.64000001e-02, 0.00000000e+00, 1.38131669e-02
-9.79999974e-02, 1.64199993e-02, 0.00000000e+00, 1.38006750e-02
-9.79999974e-02, 1.64400004e-02, 0.00000000e+00, 1.37881869e-02
-9.79999974e-02, 1.64599996e-02, 0.00000000e+00, 1.37757026e-02
-9.79999974e-02, 1.64800007e-02, 0.00000000e+00, 1.37632210e-02
-9.79999974e-02, 1.64999999e-02, 0.00000000e+00, 1.37507422e-02
-9.79999974e-02, 1.65199991e-02, 0.00000000e+00, 1.37382699e-02
-9.79999974e-02, 1.65400002e-02, 0.00000000e+00, 1.37257967e-02
-9.79999974e-02, 1.65599994e-02, 0.00000000e+00, 1.37133272e-02
-9.79999974e-02, 1.65800005e-02, 0.00000000e+00, 1.37008596e-02
-9.79999974e-02, 1.65999997e-02, 0.00000000e+00, 1.36883995e-02
-9.79999974e-02, 1.66200008e-02, 0.00000000e+00, 1.36759374e-02
-9.79999974e-02, 1.66400000e-02, 0.00000000e+00, 1.36634801e-02
-9.79999974e-02, 1.66599993e-02, 0.00000000e+00, 1.36510283e-02
-9.79999974e-02, 1.66800003e-02, 0.00000000e+00, 1.36385746e-02
-9.79999974e-02, 1.66999996e-02, 0.00000000e+00, 1.36261294e-02
-9.79999974e-02, 1.67200007e-02, 0.00000000e+00, 1.36136841e-02
-9.79999974e-02, 1.67399999e-02, 0.00000000e+00, 1.36012435e-02
-9.79999974e-02, 1.67599991e-02, 0.00000000e+00, 1.35888048e-02
-9.79999974e-02, 1.67800002e-02, 0.00000000e+00, 1.35763707e-02
-9.79999974e-02, 1.67999994e-02, 0.00000000e+00, 1.35639394e-02
-9.79999974e-02, 1.68200005e-02, 0.00000000e+00, 1.35518117e-02
-9.79999974e-02, 1.68399997e-02, 0.00000000e+00, 1.35397259e-02
-9.79999974e-02, 1.68600008e-02, 0.00000000e+00, 1.35276448e-02
-9.79999974e-02, 1.68800000e-02, 0.00000000e+00, 1.35155693e-02
-9.79999974e-02, 1.68999992e-02, 0.00000000e+00, 1.35035003e-02
-9.79999974e-02, 1.69200003e-02, 0.00000000e+00, 1.34914368e-02
-9.79999974e-02, 1.69399995e-02, 0.00000000e+00, 1.34793781e-02
-9.79999974e-02, 1.69600006e-02, 0.00000000e+00, 1.34673249e-02
-9.79999974e-02, 1.69799998e-02, 0.00000000e+00, 1.34552773e-02
-9.79999974e-02, 1.70000009e-02, 0.00000000e+00, 1.34432344e-02
-9.79999974e-02, 1.70200001e-02, 0.00000000e+00, 1.34312017e-02
-9.79999974e-02, 1.70399994e-02, 0.00000000e+00, 1.34191699e-02
-9.79999974e-02, 1.70600004e-02, 0.00000000e+00, 1.34071456e-02
-9.79999974e-02, 1.70799997e-02, 0.00000000e+00, 1.33951278e-02
-9.79999974e-02, 1.71000008e-02, 0.00000000e+00, 1.33831138e-02
-9.79999974e-02, 1.71200000e-02, 0.00000000e+00, 1.33711072e-02
-9.79999974e-02, 1.71399992e-02, 0.00000000e+00, 1.33591052e-02
-9.79999974e-02, 1.71600003e-02, 0.00000000e+00, 1.33471098e-02
-9.79999974e-02, 1.71799995e-02, 0.00000000e+00, 1.33351209e-02
-9.79999974e-02, 1.72000006e-02, 0.00000000e+00, 1.33231357e-02
-9.79999974e-02, 1.72199998e-02, 0.00000000e+00, 1.33111579e-02
-9.79999974e-02, 1.72400009e-02, 0.00000000e+00, 1.32991830e-02
-9.79999974e-02, 1.72600001e-02, 0.00000000e+00, 1.32872164e-02
-9.79999974e-02, 1.72799993e-02, 0.00000000e+00, 1.32752582e-02
-9.79999974e-02, 1.73000004e-02, 0.00000000e+00, 1.32633019e-02
-9.79999974e-02, 1.73199996e-02, 0.00000000e+00, 1.32513531e-02
-9.79999974e-02, 1.73400007e-02, 0.00000000e+00, 1.32394107e-02
-9.79999974e-02, 1.73599999e-02, 0.00000000e+00, 1.32274739e-02
-9.79999974e-02, 1.73799992e-02, 0.00000000e+00, 1.32155428e-02
-9.79999974e-02, 1.74000002e-02, 0.00000000e+00, 1.32036181e-02
-9.79999974e-02, 1.74199995e-02, 0.00000000e+00, 1.31916991e-02
-9.79999974e-02, 1.74400005e-02, 0.00000000e+00, 1.31797846e-02
-9.79999974e-02, 1.74599998e-02, 0.00000000e+00, 1.31678795e-02
-9.79999974e-02, 1.74800009e-02, 0.00000000e+00, 1.31559782e-02
-9.79999974e-02, 1.75000001e-02, 0.00000000e+00, 1.31440824e-02
-9.79999974e-02, 1.75199993e-02, 0.00000000e+00, 1.31321950e-02
-9.79999974e-02, 1.75400004e-02, 0.00000000e+00, 1.31203122e-02
-9.79999974e-02, 1.75599996e-02, 0.00000000e+00, 1.31084369e-02
-9.79999974e-02, 1.75800007e-02, 0.00000000e+00, 1.30965654e-02
-9.79999974e-02, 1.75999999e-02, 0.00000000e+00, 1.30847022e-02
-9.79999974e-02, 1.76199991e-02, 0.00000000e+00, 1.30728418e-02
-9.79999974e-02, 1.76400002e-02, 0.00000000e+00, 1.30609889e-02
-9.79999974e-02, 1.76599994e-02, 0.00000000e+00, 1.30491434e-02
-9.79999974e-02, 1.76800005e-02, 0.00000000e+00, 1.30373035e-02
-9.79999974e-02, 1.76999997e-02, 0.00000000e+00, 1.30254710e-02
-9.79999974e-02, 1.77200008e-02, 0.00000000e+00, 1.30136432e-02
-9.79999974e-02, 1.77400000e-02, 0.00000000e+00, 1.30018238e-02
-9.79999974e-02, 1.77599993e-02, 0.00000000e+00, 1.29900100e-02
-9.79999974e-02, 1.77800003e-02, 0.00000000e+00, 1.29782017e-02
-9.79999974e-02, 1.77999996e-02, 0.00000000e+00, 1.29663981e-02
-9.79999974e-02, 1.78200006e-02, 0.00000000e+00, 1.29546011e-02
-9.79999974e-02, 1.78399999e-02, 0.00000000e+00, 1.29428124e-02
-9.79999974e-02, 1.78599991e-02, 0.00000000e+00, 1.29310302e-02
-9.79999974e-02, 1.78800002e-02, 0.00000000e+00, 1.29192537e-02
-9.79999974e-02, 1.78999994e-02, 0.00000000e+00, 1.29074827e-02
-9.79999974e-02, 1.79200005e-02, 0.00000000e+00, 1.28957191e-02
-9.79999974e-02, 1.79399997e-02, 0.00000000e+00, 1.28820166e-02
-9.79999974e-02, 1.79600008e-02, 0.00000000e+00, 1.28650209e-02
-9.79999974e-02, 1.79800000e-02, 0.00000000e+00, 1.28464140e-02
-9.79999974e-02, 1.79999992e-02, 0.00000000e+00, 1.28235063e-02
-9.79999974e-02, 1.80200003e-02, 0.00000000e+00, 1.28014190e-02
-9.79999974e-02, 1.80399995e-02, 0.00000000e+00, 1.27793448e-02
-9.79999974e-02, 1.80600006e-02, 0.00000000e+00, 1.27572762e-02
-9.79999974e-02, 1.80799998e-02, 0.00000000e+00, 1.27352197e-02
-9.79999974e-02, 1.81000009e-02, 0.00000000e+00, 1.27131706e-02
-9.79999974e-02, 1.81200001e-02, 0.00000000e+00, 1.26911318e-02
-9.79999974e-02, 1.81399994e-02, 0.00000000e+00, 1.26691042e-02
-9.79999974e-02, 1.81600004e-02, 0.00000000e+00, 1.26470830e-02
-9.79999974e-02, 1.81799997e-02, 0.00000000e+00, 1.26250749e-02
-9.79999974e-02, 1.82000007e-02, 0.00000000e+00, 1.26030743e-02
-9.79999974e-02, 1.82200000e-02, 0.00000000e+00, 1.25810849e-02
-9.79999974e-02, 1.82399992e-02, 0.00000000e+00, 1.25590069e-02
-9.79999974e-02, 1.82600003e-02, 0.00000000e+00, 1.25368200e-02
-9.79999974e-02, 1.82799995e-02, 0.00000000e+00, 1.25145651e-02
-9.79999974e-02, 1.83000006e-02, 0.00000000e+00, 1.24923224e-02
-9.79999974e-02, 1.83199998e-02, 0.00000000e+00, 1.24701038e-02
-9.79999974e-02, 1.83400009e-02, 0.00000000e+00, 1.24478983e-02
-9.79999974e-02, 1.83600001e-02, 0.00000000e+00, 1.24257132e-02
-9.79999974e-02, 1.83799993e-02, 0.00000000e+00, 1.24035468e-02
-9.79999974e-02, 1.84000004e-02, 0.00000000e+00, 1.23813963e-02
-9.79999974e-02, 1.84199996e-02, 0.00000000e+00, 1.23592652e-02
-9.79999974e-02, 1.84400007e-02, 0.00000000e+00, 1.23371501e-02
-9.79999974e-02, 1.84599999e-02, 0.00000000e+00, 1.23150572e-02
-9.79999974e-02, 1.84799992e-02, 0.00000000e+00, 1.22929793e-02
-9.79999974e-02, 1.85000002e-02, 0.00000000e+00, 1.22709200e-02
-9.79999974e-02, 1.85199995e-02, 0.00000000e+00, 1.22488821e-02
-9.79999974e-02, 1.85400005e-02, 0.00000000e+00, 1.22268591e-02
-9.79999974e-02, 1.85599998e-02, 0.00000000e+00, 1.22048575e-02
-9.79999974e-02, 1.85800008e-02, 0.00000000e+00, 1.21828737e-02
-9.79999974e-02, 1.86000001e-02, 0.00000000e+00, 1.21609112e-02
-9.79999974e-02, 1.86199993e-02, 0.00000000e+00, 1.21389646e-02
-9.79999974e-02, 1.86400004e-02, 0.00000000e+00, 1.21170394e-02
-9.79999974e-02, 1.86599996e-02, 0.00000000e+00, 1.20951319e-02
-9.79999974e-02, 1.86800007e-02, 0.00000000e+00, 1.20732430e-02
-9.79999974e-02, 1.86999999e-02, 0.00000000e+00, 1.20513765e-02
-9.79999974e-02, 1.87199991e-02, 0.00000000e+00, 1.20295305e-02
-9.79999974e-02, 1.87400002e-02, 0.00000000e+00, 1.20076984e-02
-9.79999974e-02, 1.87599994e-02, 0.00000000e+00, 1.19858915e-02
-9.79999974e-02, 1.87800005e-02, 0.00000000e+00, 1.19641004e-02
-9.79999974e-02, 1.87999997e-02, 0.00000000e+00, 1.19423345e-02
-9.79999974e-02, 1.88200008e-02, 0.00000000e+00, 1.19205825e-02
-9.79999974e-02, 1.88400000e-02, 0.00000000e+00, 1.18988566e-02
-9.79999974e-02, 1.88599993e-02, 0.00000000e+00, 1.18771493e-02
-9.79999974e-02, 1.88800003e-02, 0.00000000e+00, 1.18554598e-02
-9.79999974e-02, 1.88999996e-02, 0.00000000e+00, 1.18337953e-02
-9.79999974e-02, 1.89200006e-02, 0.00000000e+00, 1.18121486e-02
-9.79999974e-02, 1.89399999e-02, 0.00000000e+00, 1.17905224e-02
-9.79999974e-02, 1.89599991e-02, 0.00000000e+00, 1.17689203e-02
-9.79999974e-02, 1.89800002e-02, 0.00000000e+00, 1.17473369e-02
-9.79999974e-02, 1.89999994e-02, 0.00000000e+00, 1.17257740e-02
-9.79999974e-02, 1.90200005e-02, 0.00000000e+00, 1.17042344e-02
-9.79999974e-02, 1.90399997e-02, 0.00000000e+00, 1.16827162e-02
-9.79999974e-02, 1.90600008e-02, 0.00000000e+00, 1.16612175e-02
-9.79999974e-02, 1.90800000e-02, 0.00000000e+00, 1.16397431e-02
-9.79999974e-02, 1.90999992e-02, 0.00000000e+00, 1.16182901e-02
-9.79999974e-02, 1.91200003e-02, 0.00000000e+00, 1.15968557e-02
-9.79999974e-02, 1.91399995e-02, 0.00000000e+00, 1.15754465e-02
-9.79999974e-02, 1.91600006e-02, 0.00000000e+00, 1.15540586e-02
-9.79999974e-02, 1.91799998e-02, 0.00000000e+00, 1.15326932e-02
-9.79999974e-02, 1.92000009e-02, 0.00000000e+00, 1.15113491e-02
-9.79999974e-02, 1.92200001e-02, 0.00000000e+00, 1.14542088e-02
-9.79999974e-02, 1.92399994e-02, 0.00000000e+00, 1.13946293e-02
-9.79999974e-02, 1.92600004e-02, 0.00000000e+00, 1.13349808e-02
-9.79999974e-02, 1.92799997e-02, 0.00000000e+00, 1.12754712e-02
-9.79999974e-02, 1.93000007e-02, 0.00000000e+00, 1.10160429e-02
-9.79999974e-02, 1.93200000e-02, 0.00000000e+00, 1.07013127e-02
-9.79999974e-02, 1.93399992e-02, 0.00000000e+00, 1.03865825e-02
-9.79999974e-02, 1.93600003e-02, 0.00000000e+00, 1.00718196e-02
-9.79999974e-02, 1.93799995e-02, 0.00000000e+00, 9.75708850e-03
-9.79999974e-02, 1.94000006e-02, 0.00000000e+00, 9.44232568e-03
-9.79999974e-02, 1.94199998e-02, 0.00000000e+00, 9.12759453e-03
-9.79999974e-02, 1.94400009e-02, 0.00000000e+00, 8.81283171e-03
-9.79999974e-02, 1.94600001e-02, 0.00000000e+00, 8.49809963e-03
-9.79999974e-02, 1.94799993e-02, 0.00000000e+00, 8.18336662e-03
-9.79999974e-02, 1.95000004e-02, 0.00000000e+00, 7.86860473e-03
-9.79999974e-02, 1.95199996e-02, 0.00000000e+00, 7.55387219e-03
-9.79999974e-02, 1.95400007e-02, 0.00000000e+00, 7.23911077e-03
-9.79999974e-02, 1.95599999e-02, 0.00000000e+00, 6.92437822e-03
-9.79999974e-02, 1.95799991e-02, 0.00000000e+00, 6.60964614e-03
-9.79999974e-02, 1.96000002e-02, 0.00000000e+00, 6.29488379e-03
-9.79999974e-02, 1.96199995e-02, 0.00000000e+00, 5.98015124e-03
-9.79999974e-02, 1.96400005e-02, 0.00000000e+00, 5.66538982e-03
-9.79999974e-02, 1.96599998e-02, 0.00000000e+00, 5.35065681e-03
-9.79999974e-02, 1.96800008e-02, 0.00000000e+00, 5.03589585e-03
-9.79999974e-02, 1.97000001e-02, 0.00000000e+00, 4.72116284e-03
-9.79999974e-02, 1.97199993e-02, 0.00000000e+00, 4.40643029e-03
-9.79999974e-02, 1.97400004e-02, 0.00000000e+00, 4.09166887e-03
-9.79999974e-02, 1.97599996e-02, 0.00000000e+00, 3.77693633e-03
-9.79999974e-02, 1.97800007e-02, 0.00000000e+00, 3.46217444e-03
-9.79999974e-02, 1.97999999e-02, 0.00000000e+00, 3.14744189e-03
-9.79999974e-02, 1.98199991e-02, 0.00000000e+00, 2.83270958e-03
-9.79999974e-02, 1.98400002e-02, 0.00000000e+00, 2.51794793e-03
-9.79999974e-02, 1.98599994e-02, 0.00000000e+00, 2.20321515e-03
-9.79999974e-02, 1.98800005e-02, 0.00000000e+00, 1.88845361e-03
-9.79999974e-02, 1.98999997e-02, 0.00000000e+00, 1.57372095e-03
-9.79999974e-02, 1.99200008e-02, 0.00000000e+00, 1.25895941e-03
-9.79999974e-02, 1.99400000e-02, 0.00000000e+00, 9.44226806e-04
-9.79999974e-02, 1.99599992e-02, 0.00000000e+00, 6.29494200e-04
-9.79999974e-02, 1.99800003e-02, 0.00000000e+00, 3.14732431e-04
-9.79999974e-02, 1.99999996e-02, 0.00000000e+00, 0.00000000e+00
